,all_awardings,approved_at_utc,associated_award,author,author_flair_background_color,author_flair_css_class,author_flair_richtext,author_flair_template_id,author_flair_text,author_flair_text_color,author_flair_type,author_fullname,author_patreon_flair,author_premium,awarders,banned_at_utc,body,can_mod_post,collapsed,collapsed_because_crowd_control,collapsed_reason,comment_type,created_utc,distinguished,edited,gildings,id,is_submitter,link_id,locked,no_follow,parent_id,permalink,retrieved_on,score,send_replies,stickied,subreddit,subreddit_id,top_awarded_type,total_awards_received,treatment_tags
0,[],,,WSBVoteBot,#46d160,,"[{'a': ':illuminatipepe:', 'e': 'emoji', 'u': 'https://emoji.redditmedia.com/tx424is9gy711_t5_2th52/illuminatipepe'}, {'e': 'text', 't': ' Robot Janitor'}]",45b14952-0d2e-11ea-8d6d-0e9a93171619,:illuminatipepe: Robot Janitor,light,richtext,t2_26k75u4f,False,False,[],,"**If this is [spam](https://www.reddit.com/r/wallstreetbets/wiki/contentguide) you can vote to remove it and earn setting your own flair.**

| **Remove It (0)** | **Keep It (1)** |
|--------|:-------|-------:|:------:|
| [Click to Vote](https://www.reddit.com/message/compose/?to=WSBVoteBot&amp;subject=jubr3q&amp;message=spam) | [Click to Vote](https://www.reddit.com/message/compose/?to=WSBVoteBot&amp;subject=jubr3q&amp;message=approve)|

[Click Here to Change Inaccurate Post Flair](https://www.reddit.com/message/compose/?to=WSBVoteBot&amp;subject=postflair%20CHANGEME&amp;message=jubr3q)
___
 ^comment ^will ^disappear ^--- ^0 ^shitposts ^removed ^since ^last ^crash ^--- ^[information](https://www.reddit.com/r/wallstreetbets/wiki/votebot) ^--- ^[leaderboard](https://www.reddit.com/r/wallstreetbets/wiki/leaderboard) ^--- ^[REWARDS](https://www.reddit.com/r/wallstreetbets/wiki/votebot_commands)",False,False,,,,1605397076,moderator,1605398280.0,{},gcayb91,False,t3_jubr3q,False,True,t3_jubr3q,/r/wallstreetbets/comments/jubr3q/actual_investment_advice/gcayb91/,1605398451,1,True,True,wallstreetbets,t5_2th52,,0,[]
