,all_awardings,approved_at_utc,associated_award,author,author_flair_background_color,author_flair_css_class,author_flair_template_id,author_flair_text,author_flair_text_color,awarders,banned_at_utc,body,can_mod_post,collapsed,collapsed_because_crowd_control,collapsed_reason,comment_type,created_utc,distinguished,edited,gildings,id,is_submitter,link_id,locked,no_follow,parent_id,permalink,retrieved_on,score,send_replies,stickied,subreddit,subreddit_id,top_awarded_type,total_awards_received,treatment_tags,author_flair_richtext,author_flair_type,author_fullname,author_patreon_flair,author_premium
0,[],,,[deleted],,,,,dark,[],,[deleted],False,True,,,,1605593652,,1605593959.0,{},gcl41sj,False,t3_jvnyiv,False,True,t3_jvnyiv,/r/wallstreetbets/comments/jvnyiv/where_the_fuck_is_the_daily_discussion_thread/gcl41sj/,1605658824,1,True,False,wallstreetbets,t5_2th52,,0,[],,,,,
1,[],,,Viptolic,,,,,,[],,In ur ass,False,False,,,,1605593690,,False,{},gcl43hb,False,t3_jvnyiv,False,True,t3_jvnyiv,/r/wallstreetbets/comments/jvnyiv/where_the_fuck_is_the_daily_discussion_thread/gcl43hb/,1605658850,3,True,False,wallstreetbets,t5_2th52,,0,[],[],text,t2_40undvbo,False,False
2,[],,,Sarbitrage,,,,,,[],,Oh hello nice just wanted to talk to someone before premarket,False,False,,,,1605593748,,False,{},gcl4649,True,t3_jvnyiv,False,True,t1_gcl43hb,/r/wallstreetbets/comments/jvnyiv/where_the_fuck_is_the_daily_discussion_thread/gcl4649/,1605658890,2,True,False,wallstreetbets,t5_2th52,,0,[],[],text,t2_3ctvg1,False,False
3,[],,,hodl_for_the_moon,,,,201102:5:1,dark,[],,Itâ€™s there dude,False,False,,,,1605593844,,False,{},gcl4afj,False,t3_jvnyiv,False,True,t3_jvnyiv,/r/wallstreetbets/comments/jvnyiv/where_the_fuck_is_the_daily_discussion_thread/gcl4afj/,1605658957,1,True,False,wallstreetbets,t5_2th52,,0,[],"[{'e': 'text', 't': '\x1b201102:5:1'}]",richtext,t2_4zrbtuoc,False,False
4,[],,,Sozzcat94,,,,,,[],,"This is the new daily thread, umm I canâ€™t say much, NIO PCS 38.5/39 11/20 das all I got. Maybe pick up a Debit Call Spread on GE 10/11 1/21",False,False,,,,1605593917,,False,{},gcl4dx1,False,t3_jvnyiv,False,True,t3_jvnyiv,/r/wallstreetbets/comments/jvnyiv/where_the_fuck_is_the_daily_discussion_thread/gcl4dx1/,1605659010,1,True,False,wallstreetbets,t5_2th52,,0,[],[],text,t2_3qy5xbte,False,False
5,[],,,Sarbitrage,,,,,,[],,NIO ðŸš€ðŸš€ðŸš€,False,False,,,,1605594032,,False,{},gcl4j8i,True,t3_jvnyiv,False,True,t1_gcl4dx1,/r/wallstreetbets/comments/jvnyiv/where_the_fuck_is_the_daily_discussion_thread/gcl4j8i/,1605659094,1,True,False,wallstreetbets,t5_2th52,,0,[],[],text,t2_3ctvg1,False,False
6,[],,,Dan_inKuwait,#ffdf00,,5b951270-9b43-11e8-8a57-0e532bbfe7e8,:illuminatipepe:,dark,[],,"You can actually directly link to it from the subs' info, there's a search by flair function called ... MENU.  I'll link in a second...

https://www.reddit.com/r/wallstreetbets/comments/jvf737/what_are_your_moves_tomorrow_november_17_2020/?utm_medium=android_app&amp;utm_source=share

There you go.  My one nice deed for the day.",False,False,,,,1605594173,,False,{},gcl4pnr,False,t3_jvnyiv,False,True,t3_jvnyiv,/r/wallstreetbets/comments/jvnyiv/where_the_fuck_is_the_daily_discussion_thread/gcl4pnr/,1605659193,2,True,False,wallstreetbets,t5_2th52,,0,[],"[{'a': ':illuminatipepe:', 'e': 'emoji', 'u': 'https://emoji.redditmedia.com/tx424is9gy711_t5_2th52/illuminatipepe'}]",richtext,t2_12lizrk3,False,False
7,[],,,Sarbitrage,,,,,,[],,Omg thank you kind sir I was having withdrawals being away from my fellow degenerates for so long,False,False,,,,1605594332,,False,{},gcl4wsr,True,t3_jvnyiv,False,True,t1_gcl4pnr,/r/wallstreetbets/comments/jvnyiv/where_the_fuck_is_the_daily_discussion_thread/gcl4wsr/,1605659306,2,True,False,wallstreetbets,t5_2th52,,0,[],[],text,t2_3ctvg1,False,False
